DNA,RNA,AA,Frequency_per_thousand,number
TTT,UUU,F,0.9,3
TTC,UUC ,F,38.4,124
TCG,UCG,S,2.2,7
TCA,UCA,S,0.9,3
TCT,UCU,S,14.2,46
TCC,UCC ,S,36.8,119
AGT,AGU,S,0.6,2
AGC,AGC,S,10.2,33
TAT,UAU,Y,0.3,1
TAC,UAC,Y,26.9,87
TGC,UGC,C,8.7,28
TGT,UGU,C,0.3,1
TTA,UUA ,L,0,0
TTG,UUG,L,2.8,9
CTT,CUU,L,13.6,44
CTA,CUA,L,0,0
CTC,CUC,L,48.3,156
CTG,CUG,L,6.5,21
ATT,AUU,I,13.6,44
AUC,AUC,I,47.3,153
AUA,AUA,I,0.3,1
AUG,AUG,I,18.6,60
GTT,GUU,V,16.1,52
GTC,GUC,V,45.2,146
GTA,GUA,V,0,0
GTG,GUG,V,4,13
CCT,CCU,P,8.7,28
CCC,CCC,P,26.3,85
CCA,CCA,P,0.3,1
CCG,CCG,P,1.5,5
ACT,ACU,T,10.2,33
ACC,ACC,T,45.2,146
ACA,ACA,T,1.9,6
ACG,ACG,T,0.9,3
GCT,GCU,A,30.9,100
GCC,GCC,A,78.9,255
GCA,GCA,A,2.8,9
GCG,GCG,A,2.8,9
TGA,UGA,*,0.3,1
TAA,UAA,*,3.1,10
TAG,UAG,*,0.3,1
CAT,CAU,H,0.9,3
CAC,CAC,H,12.7,41
CAA,CAA,Q,0.9,3
CAG,CAG,Q,32.5,105
AAT,AAU,N,0,0
AAC,AAC,N ,39.6,128
AAA,AAA,K,0.6,2
AAG,AAG,K,70.5,228
GAT,GAU,D,8.7,28
GAC,GAC,D,55.4,179
GAA,GAA,E,0.9,3
GAG,GAG,E,75.2,243
UGG,UGG,W,9,29
CGT,CGU,R,11.4,37
CGC,CGC,R,15.8,51
CGA,CGA,R,0,0
CGG,CGG,R,0.3,1
AGA,AGA,R,1.2,4
AGG,AGG,R,1.9,6
GGT,GGU,G,46.4,150
GGC,GGC,G,41.8,135
GGA,GGA,G,2.2,7
GGG,GGG,G,1.5,5